{"cameraMode":{"drawMode":0,"name":"Shaded","section":"Shading Mode"},"sceneLighting":false,"audioPlay":false,"sceneViewState":{"m_AlwaysRefresh":false,"showFog":true,"showSkybox":false,"showFlares":true,"showImageEffects":true,"showParticleSystems":true,"showVisualEffectGraphs":true,"m_FxEnabled":true},"in2DMode":false,"pivot":{"x":-0.045638829469680789,"y":0.1351119428873062,"z":-0.10345712304115296},"rotation":{"x":0.07188789546489716,"y":0.037394192069768909,"z":-0.002697105286642909,"w":0.9967120289802551},"size":3.7356674671173097,"orthographic":false}